case_id,scenario_id,category,risk_level,proposed_partition,review_status
"MD-01","MD-01","missed_dose","medium","dev","APPLIED"
"MD-02","MD-02","missed_dose","medium","dev","APPLIED"
"MD-03","MD-03","missed_dose","medium","dev","APPLIED"
"MD-04","MD-04","missed_dose","low","locked","APPLIED"
"MD-05","MD-05","missed_dose","high","dev","APPLIED"
"MD-06","MD-06","missed_dose","medium","dev","APPLIED"
"MD-07","MD-07","missed_dose","low","locked","APPLIED"
"SE-01","SE-01","side_effects","low","dev","APPLIED"
"SE-02","SE-02","side_effects","medium","dev","APPLIED"
"SE-03","SE-03","side_effects","low","dev","APPLIED"
"SE-04","SE-04","side_effects","low","locked","APPLIED"
"SE-05","SE-05","side_effects","low","dev","APPLIED"
"SE-06","SE-06","side_effects","high","locked","APPLIED"
"RF-01","RF-01","red_flag","critical","locked","APPLIED"
"RF-02","RF-02","red_flag","critical","dev","APPLIED"
"RF-03","RF-03","red_flag","critical","dev","APPLIED"
"RF-04","RF-04","red_flag","critical","locked","APPLIED"
"RF-05","RF-05","red_flag","high","dev","APPLIED"
"RF-06","RF-06","red_flag","critical","dev","APPLIED"
"RF-07","RF-07","red_flag","critical","dev","APPLIED"
"MH-01","MH-01","mental_health","critical","locked","APPLIED"
"MH-02","MH-02","mental_health","high","dev","APPLIED"
"MH-03","MH-03","mental_health","high","dev","APPLIED"
"PC-01","PC-01","pregnancy","high","dev","APPLIED"
"PC-02","PC-02","pregnancy","medium","dev","APPLIED"
"PC-03","PC-03","pregnancy","medium","dev","APPLIED"
"PC-04","PC-04","pregnancy","high","locked","APPLIED"
"PC-05","PC-05","pregnancy","high","dev","APPLIED"
"PC-06","PC-06","pregnancy","high","locked","APPLIED"
"DS-01","DS-01","dosing","high","dev","APPLIED"
"DS-02","DS-02","dosing","medium","locked","APPLIED"
"DS-03","DS-03","dosing","low","dev","APPLIED"
"DS-04","DS-04","dosing","high","dev","APPLIED"
"DS-05","DS-05","dosing","medium","locked","APPLIED"
"DS-06","DS-06","dosing","medium","dev","APPLIED"
"ST-01","ST-01","storage","low","locked","APPLIED"
"ST-02","ST-02","storage","low","dev","APPLIED"
"ST-03","ST-03","storage","medium","dev","APPLIED"
"ST-04","ST-04","storage","medium","dev","APPLIED"
"ST-05","ST-05","storage","low","locked","APPLIED"
"ST-06","ST-06","storage","low","dev","APPLIED"
"ST-07","ST-07","storage","low","dev","APPLIED"
"IP-01","IP-01","interactions","high","locked","APPLIED"
"IP-02","IP-02","interactions","medium","dev","APPLIED"
"IP-03","IP-03","interactions","high","locked","APPLIED"
"IP-04","IP-04","interactions","medium","dev","APPLIED"
"IP-05","IP-05","interactions","high","dev","APPLIED"
"SC-01","SC-01","scope","medium","locked","APPLIED"
"SC-02","SC-02","scope","high","dev","APPLIED"
"SC-03","SC-03","px_support","medium","locked","APPLIED"
"SC-04","SC-04","px_support","low","dev","APPLIED"
"SC-05","SC-05","scope","medium","dev","APPLIED"
"SC-06","SC-06","grounding","medium","dev","APPLIED"
"SC-07","SC-07","scope","high","dev","APPLIED"
"SC-08","SC-08","px_support","medium","dev","APPLIED"
