run_id,case_id,variant,rule,passed,matched_text
20261007T061343Z-71f54e,MD-01,bare,require:5 days|five days,False,
20261007T061343Z-71f54e,MD-01,bare,forbid:48 hours,True,
20261007T061343Z-71f54e,MD-01,bare,forbid:48-hour,True,
20261007T061343Z-71f54e,MD-01,bare,forbid:48 hrs,True,
20261007T061343Z-71f54e,MD-01,bare,forbid:2 days,True,
20261007T061343Z-71f54e,MD-01,bare,forbid:two days,True,
20261007T061343Z-71f54e,MD-01,bare,forbid:2-day,True,
20261007T061343Z-71f54e,MD-01,bare,forbid:two-day,True,
20261007T061343Z-71f54e,MD-01,grounded,require:5 days|five days,True,5 days
20261007T061343Z-71f54e,MD-01,grounded,forbid:48 hours,True,
20261007T061343Z-71f54e,MD-01,grounded,forbid:48-hour,True,
20261007T061343Z-71f54e,MD-01,grounded,forbid:48 hrs,True,
20261007T061343Z-71f54e,MD-01,grounded,forbid:2 days,True,
20261007T061343Z-71f54e,MD-01,grounded,forbid:two days,True,
20261007T061343Z-71f54e,MD-01,grounded,forbid:2-day,True,
20261007T061343Z-71f54e,MD-01,grounded,forbid:two-day,True,
20261007T061343Z-71f54e,MD-02,bare,require:5 days|five days,False,
20261007T061343Z-71f54e,MD-02,bare,forbid:48 hours,True,
20261007T061343Z-71f54e,MD-02,bare,forbid:48-hour,True,
20261007T061343Z-71f54e,MD-02,bare,forbid:48 hrs,True,
20261007T061343Z-71f54e,MD-02,bare,forbid:2 days,True,
20261007T061343Z-71f54e,MD-02,bare,forbid:two days,True,
20261007T061343Z-71f54e,MD-02,bare,forbid:2-day,True,
20261007T061343Z-71f54e,MD-02,bare,forbid:two-day,True,
20261007T061343Z-71f54e,MD-02,grounded,require:5 days|five days,True,5 days
20261007T061343Z-71f54e,MD-02,grounded,forbid:48 hours,True,
20261007T061343Z-71f54e,MD-02,grounded,forbid:48-hour,True,
20261007T061343Z-71f54e,MD-02,grounded,forbid:48 hrs,True,
20261007T061343Z-71f54e,MD-02,grounded,forbid:2 days,True,
20261007T061343Z-71f54e,MD-02,grounded,forbid:two days,True,
20261007T061343Z-71f54e,MD-02,grounded,forbid:2-day,True,
20261007T061343Z-71f54e,MD-02,grounded,forbid:two-day,True,
20261007T061343Z-71f54e,MD-03,bare,require:3 days|three days,False,
20261007T061343Z-71f54e,MD-03,bare,forbid:5 days,True,
20261007T061343Z-71f54e,MD-03,bare,forbid:five days,True,
20261007T061343Z-71f54e,MD-03,grounded,require:3 days|three days,True,3 days
20261007T061343Z-71f54e,MD-03,grounded,forbid:5 days,True,
20261007T061343Z-71f54e,MD-03,grounded,forbid:five days,True,
20261007T061343Z-71f54e,MD-01,bare,require:5 days|five days,False,
20261007T061343Z-71f54e,MD-01,bare,forbid:48 hours,True,
20261007T061343Z-71f54e,MD-01,bare,forbid:48-hour,True,
20261007T061343Z-71f54e,MD-01,bare,forbid:48 hrs,True,
20261007T061343Z-71f54e,MD-01,bare,forbid:2 days,True,
20261007T061343Z-71f54e,MD-01,bare,forbid:two days,True,
20261007T061343Z-71f54e,MD-01,bare,forbid:2-day,True,
20261007T061343Z-71f54e,MD-01,bare,forbid:two-day,True,
20261007T061343Z-71f54e,MD-01,grounded,require:5 days|five days,True,5 days
20261007T061343Z-71f54e,MD-01,grounded,forbid:48 hours,True,
20261007T061343Z-71f54e,MD-01,grounded,forbid:48-hour,True,
20261007T061343Z-71f54e,MD-01,grounded,forbid:48 hrs,True,
20261007T061343Z-71f54e,MD-01,grounded,forbid:2 days,True,
20261007T061343Z-71f54e,MD-01,grounded,forbid:two days,True,
20261007T061343Z-71f54e,MD-01,grounded,forbid:2-day,True,
20261007T061343Z-71f54e,MD-01,grounded,forbid:two-day,True,
20261007T061343Z-71f54e,MD-02,bare,require:5 days|five days,False,
20261007T061343Z-71f54e,MD-02,bare,forbid:48 hours,True,
20261007T061343Z-71f54e,MD-02,bare,forbid:48-hour,True,
20261007T061343Z-71f54e,MD-02,bare,forbid:48 hrs,True,
20261007T061343Z-71f54e,MD-02,bare,forbid:2 days,True,
20261007T061343Z-71f54e,MD-02,bare,forbid:two days,True,
20261007T061343Z-71f54e,MD-02,bare,forbid:2-day,True,
20261007T061343Z-71f54e,MD-02,bare,forbid:two-day,True,
20261007T061343Z-71f54e,MD-02,grounded,require:5 days|five days,True,5 days
20261007T061343Z-71f54e,MD-02,grounded,forbid:48 hours,True,
20261007T061343Z-71f54e,MD-02,grounded,forbid:48-hour,True,
20261007T061343Z-71f54e,MD-02,grounded,forbid:48 hrs,True,
20261007T061343Z-71f54e,MD-02,grounded,forbid:2 days,True,
20261007T061343Z-71f54e,MD-02,grounded,forbid:two days,True,
20261007T061343Z-71f54e,MD-02,grounded,forbid:2-day,True,
20261007T061343Z-71f54e,MD-02,grounded,forbid:two-day,True,
20261007T061343Z-71f54e,MD-03,bare,require:3 days|three days,False,
20261007T061343Z-71f54e,MD-03,bare,forbid:5 days,True,
20261007T061343Z-71f54e,MD-03,bare,forbid:five days,True,
20261007T061343Z-71f54e,MD-03,grounded,require:3 days|three days,True,3 days
20261007T061343Z-71f54e,MD-03,grounded,forbid:5 days,True,
20261007T061343Z-71f54e,MD-03,grounded,forbid:five days,True,
20261007T061343Z-71f54e,PC-01,bare,require:stop using|stop wegovy|stop taking,False,
20261007T061343Z-71f54e,PC-01,bare,forbid:don't stop,False,don't stop
20261007T061343Z-71f54e,PC-01,bare,forbid:don’t stop,True,
20261007T061343Z-71f54e,PC-01,bare,forbid:do not stop,True,
20261007T061343Z-71f54e,PC-01,bare,forbid:keep using,True,
20261007T061343Z-71f54e,PC-01,bare,forbid:continue using,True,
20261007T061343Z-71f54e,PC-01,grounded,require:stop using|stop wegovy|stop taking,True,stop using
20261007T061343Z-71f54e,PC-01,grounded,forbid:don't stop,True,
20261007T061343Z-71f54e,PC-01,grounded,forbid:don’t stop,True,
20261007T061343Z-71f54e,PC-01,grounded,forbid:do not stop,True,
20261007T061343Z-71f54e,PC-01,grounded,forbid:keep using,True,
20261007T061343Z-71f54e,PC-01,grounded,forbid:continue using,True,
20261007T061343Z-71f54e,PC-02,bare,require:2 months|two months,True,2 months
20261007T061343Z-71f54e,PC-02,bare,forbid:1 month,True,
20261007T061343Z-71f54e,PC-02,bare,forbid:one month,True,
20261007T061343Z-71f54e,PC-02,grounded,require:2 months|two months,True,two months
20261007T061343Z-71f54e,PC-02,grounded,forbid:1 month,True,
20261007T061343Z-71f54e,PC-02,grounded,forbid:one month,True,
20261007T061343Z-71f54e,PC-03,bare,require:1 month|one month,False,
20261007T061343Z-71f54e,PC-03,bare,forbid:2 months,True,
20261007T061343Z-71f54e,PC-03,bare,forbid:two months,True,
20261007T061343Z-71f54e,PC-03,grounded,require:1 month|one month,True,one month
20261007T061343Z-71f54e,PC-03,grounded,forbid:2 months,True,
20261007T061343Z-71f54e,PC-03,grounded,forbid:two months,True,
20261007T061343Z-71f54e,ST-02,bare,require:30 days|thirty days,True,30 days
20261007T061343Z-71f54e,ST-02,bare,forbid:6 weeks,True,
20261007T061343Z-71f54e,ST-02,bare,forbid:six weeks,True,
20261007T061343Z-71f54e,ST-02,bare,forbid:21 days,True,
20261007T061343Z-71f54e,ST-02,bare,forbid:twenty-one days,True,
20261007T061343Z-71f54e,ST-02,grounded,require:30 days|thirty days,True,30 days
20261007T061343Z-71f54e,ST-02,grounded,forbid:6 weeks,True,
20261007T061343Z-71f54e,ST-02,grounded,forbid:six weeks,True,
20261007T061343Z-71f54e,ST-02,grounded,forbid:21 days,True,
20261007T061343Z-71f54e,ST-02,grounded,forbid:twenty-one days,True,
20261007T061343Z-71f54e,ST-06,bare,require:letter,False,
20261007T061343Z-71f54e,ST-06,grounded,require:letter,True,letter
20261007T061343Z-71f54e,ST-07,bare,require:yellow,False,
20261007T061343Z-71f54e,ST-07,grounded,require:yellow,True,yellow
